"Category","Path","SourceStatus","SourceCommit","SourceBlob","OfficialCommit","OfficialBlob","ReviewState"
"Native controls and appearance","src/slic3r/GUI/Appearance/AppearanceEditorPopover.cpp","A","c5df6199e1a83b1c94be12e999c0b322fded8730","7b2e12433791a82bf5c35d40ee46d9b58069d5e4","f977235e6d736c4c0b650520ac5a5b72cbfe9244","-","Ported source; build integration pending"
"Native controls and appearance","src/slic3r/GUI/Appearance/AppearanceEditorPopover.hpp","A","c5df6199e1a83b1c94be12e999c0b322fded8730","314e6f921de83bd3206d750ff7784e0b04fd4a13","f977235e6d736c4c0b650520ac5a5b72cbfe9244","-","Ported source; build integration pending"
"Native controls and appearance","src/slic3r/GUI/Appearance/ElementStyle.cpp","A","c5df6199e1a83b1c94be12e999c0b322fded8730","e980746d3cd281ada786381b7590faffe3e2566a","f977235e6d736c4c0b650520ac5a5b72cbfe9244","-","Ported source; build integration pending"
"Native controls and appearance","src/slic3r/GUI/Appearance/ElementStyle.hpp","A","c5df6199e1a83b1c94be12e999c0b322fded8730","3381ad56d960a2ab4b0e745ca1622ea187390b58","f977235e6d736c4c0b650520ac5a5b72cbfe9244","-","Ported source; build integration pending"
"Native controls and appearance","src/slic3r/GUI/LanguageMode.cpp","A","c5df6199e1a83b1c94be12e999c0b322fded8730","1230ba7d48883687af8e0e00142fcf4f122cdb59","f977235e6d736c4c0b650520ac5a5b72cbfe9244","-","Ported source; build integration pending"
"Native controls and appearance","src/slic3r/GUI/LanguageMode.hpp","A","c5df6199e1a83b1c94be12e999c0b322fded8730","95160b78293d6ef1228a15b6b8d022db76c39abb","f977235e6d736c4c0b650520ac5a5b72cbfe9244","-","Ported source; build integration pending"
"Native controls and appearance","src/slic3r/GUI/Widgets/AnimaController.cpp","M","c5df6199e1a83b1c94be12e999c0b322fded8730","fc9325b39d2d5972670b805c0b07c5caff62b376","f977235e6d736c4c0b650520ac5a5b72cbfe9244","6bc059c7753f2a30f8579ac331e3574c375f3819","Ported source; build integration pending"
"Native controls and appearance","src/slic3r/GUI/Widgets/AxisCtrlButton.cpp","M","c5df6199e1a83b1c94be12e999c0b322fded8730","a0d1884072a4dfcdbe8cd5f075ceda190605ebb8","f977235e6d736c4c0b650520ac5a5b72cbfe9244","c8fc6d5875d73ce1e56d30eddec0a4f456972a54","Ported source; build integration pending"
"Native controls and appearance","src/slic3r/GUI/Widgets/AxisCtrlButton.hpp","M","c5df6199e1a83b1c94be12e999c0b322fded8730","0cb8592781cdd2efc6cc96ef282b1f194c706ead","f977235e6d736c4c0b650520ac5a5b72cbfe9244","739861bf0d273d391677056e3cf2e4ef495ea8aa","Ported source; build integration pending"
"Native controls and appearance","src/slic3r/GUI/Widgets/BoundedRegex.cpp","A","c5df6199e1a83b1c94be12e999c0b322fded8730","1fa792c98d304e364978cdbb9abc5f9ef7a6b4af","f977235e6d736c4c0b650520ac5a5b72cbfe9244","-","Ported source; build integration pending"
"Native controls and appearance","src/slic3r/GUI/Widgets/BoundedRegex.hpp","A","c5df6199e1a83b1c94be12e999c0b322fded8730","12210c8d03e101eaa86b6d7b60d6a6b13cbe158c","f977235e6d736c4c0b650520ac5a5b72cbfe9244","-","Ported source; build integration pending"
"Native controls and appearance","src/slic3r/GUI/Widgets/BoundedRegexProtocol.hpp","A","c5df6199e1a83b1c94be12e999c0b322fded8730","c57f6972e4371e4af4de7c1ec035659297989352","f977235e6d736c4c0b650520ac5a5b72cbfe9244","-","Ported source; build integration pending"
"Native controls and appearance","src/slic3r/GUI/Widgets/BoundedRegexWorkerMain.cpp","A","c5df6199e1a83b1c94be12e999c0b322fded8730","c999114f84257a984188349d92d603f1016dce50","f977235e6d736c4c0b650520ac5a5b72cbfe9244","-","Ported source; build integration pending"
"Native controls and appearance","src/slic3r/GUI/Widgets/Button.cpp","M","c5df6199e1a83b1c94be12e999c0b322fded8730","3dd300b44659cf1d9be49b96e165617fb5db7555","f977235e6d736c4c0b650520ac5a5b72cbfe9244","477de63d5b6ee59336d06e6178387955069dad1b","Ported source; build integration pending"
"Native controls and appearance","src/slic3r/GUI/Widgets/Button.hpp","M","c5df6199e1a83b1c94be12e999c0b322fded8730","10caf0baafb0b93e092370d49c5f5908bbaa6a5a","f977235e6d736c4c0b650520ac5a5b72cbfe9244","877f068ae8b74e80eb5ae2b08fe0679ac8c1aa2d","Ported source; build integration pending"
"Native controls and appearance","src/slic3r/GUI/Widgets/CheckBox.cpp","M","c5df6199e1a83b1c94be12e999c0b322fded8730","7fef1bd4c3892ceca8bc63452d01125a8f9b00ed","f977235e6d736c4c0b650520ac5a5b72cbfe9244","5c3baa2fc1d98a7d336b2f31c5c9cb3cdf4b55ce","Ported source; build integration pending"
"Native controls and appearance","src/slic3r/GUI/Widgets/CheckBox.hpp","M","c5df6199e1a83b1c94be12e999c0b322fded8730","32825810e458069cb3f95134760e3b982a539b9b","f977235e6d736c4c0b650520ac5a5b72cbfe9244","01b801a215fef2a496c6da49d0867fb25dbe4522","Ported source; build integration pending"
"Native controls and appearance","src/slic3r/GUI/Widgets/ColorSpaces.hpp","A","c5df6199e1a83b1c94be12e999c0b322fded8730","8fc4d235f6d3a2122c0a99931a9f547f1a6fc169","f977235e6d736c4c0b650520ac5a5b72cbfe9244","-","Ported source; build integration pending"
"Native controls and appearance","src/slic3r/GUI/Widgets/ComboBox.cpp","M","c5df6199e1a83b1c94be12e999c0b322fded8730","1cedf6281256470d6381a76e8780d5881e2d12b7","f977235e6d736c4c0b650520ac5a5b72cbfe9244","e734d13518d7b1844392611c60d66741cf85d4e3","Ported source; build integration pending"
"Native controls and appearance","src/slic3r/GUI/Widgets/ComboBox.hpp","M","c5df6199e1a83b1c94be12e999c0b322fded8730","c1e8a9620049178df3d439e6ae2537d2f3d5cc9f","f977235e6d736c4c0b650520ac5a5b72cbfe9244","2d695e56630019ce0a741b5b8320c7d3b4c06bb1","Ported source; build integration pending"
"Native controls and appearance","src/slic3r/GUI/Widgets/DropDown.cpp","M","c5df6199e1a83b1c94be12e999c0b322fded8730","e0772cf8702fbe4e3589964b4be225a33df266b1","f977235e6d736c4c0b650520ac5a5b72cbfe9244","0d177da68a7b2c79f6627eb27d0222a221d58cd1","Ported source; build integration pending"
"Native controls and appearance","src/slic3r/GUI/Widgets/DropDown.hpp","M","c5df6199e1a83b1c94be12e999c0b322fded8730","bb187fa114cc5138ca538acac264754d85d8e45c","f977235e6d736c4c0b650520ac5a5b72cbfe9244","ac3ea7172112eb331dbbe159e2abdb5c31e7de1a","Ported source; build integration pending"
"Native controls and appearance","src/slic3r/GUI/Widgets/FilamentLoad.cpp","M","c5df6199e1a83b1c94be12e999c0b322fded8730","a07fb8506b459d5a98e3fd3dbdd6d22d3f302899","f977235e6d736c4c0b650520ac5a5b72cbfe9244","a02cefa2d17df09d761dae3c81ddc94a4810f530","Ported source; build integration pending"
"Native controls and appearance","src/slic3r/GUI/Widgets/ImageSwitchButton.cpp","M","c5df6199e1a83b1c94be12e999c0b322fded8730","16fe67171a62dd7449d4399e143cdaf1366358c9","f977235e6d736c4c0b650520ac5a5b72cbfe9244","8c67868c1a65e732b33197dc10ec881965773faf","Ported source; build integration pending"
"Native controls and appearance","src/slic3r/GUI/Widgets/Label.cpp","M","c5df6199e1a83b1c94be12e999c0b322fded8730","36fb6e0aa1ea030ee48b343ada3cc678091b77b4","f977235e6d736c4c0b650520ac5a5b72cbfe9244","b8ec152c415d330698f57df53cadb3c8d6f7d67b","Ported source; build integration pending"
"Native controls and appearance","src/slic3r/GUI/Widgets/Label.hpp","M","c5df6199e1a83b1c94be12e999c0b322fded8730","47f2fc6cba215a86591ade817108d59179d2f37e","f977235e6d736c4c0b650520ac5a5b72cbfe9244","ff983eed643ff4567693945c18c7cc21bbe9e040","Ported source; build integration pending"
"Native controls and appearance","src/slic3r/GUI/Widgets/LabeledCheckBox.cpp","A","c5df6199e1a83b1c94be12e999c0b322fded8730","715a9b2f734a7d506300f48eb79409c851de6160","f977235e6d736c4c0b650520ac5a5b72cbfe9244","-","Ported source; build integration pending"
"Native controls and appearance","src/slic3r/GUI/Widgets/LabeledCheckBox.hpp","A","c5df6199e1a83b1c94be12e999c0b322fded8730","be945e6a200c7ba9c1769ba81cbfd32ce3b2eca9","f977235e6d736c4c0b650520ac5a5b72cbfe9244","-","Ported source; build integration pending"
"Native controls and appearance","src/slic3r/GUI/Widgets/LabeledRadioButton.cpp","A","c5df6199e1a83b1c94be12e999c0b322fded8730","fb3516a23a9216d23051b323940057e9191fd1c5","f977235e6d736c4c0b650520ac5a5b72cbfe9244","-","Ported source; build integration pending"
"Native controls and appearance","src/slic3r/GUI/Widgets/LabeledRadioButton.hpp","A","c5df6199e1a83b1c94be12e999c0b322fded8730","5594c20ba32237f7c303f3830e3060e28727ce12","f977235e6d736c4c0b650520ac5a5b72cbfe9244","-","Ported source; build integration pending"
"Native controls and appearance","src/slic3r/GUI/Widgets/LinkLabel.cpp","M","c5df6199e1a83b1c94be12e999c0b322fded8730","97ed76f4ba2ac4d455444a8f07997b1e158ab840","f977235e6d736c4c0b650520ac5a5b72cbfe9244","ec3663f60ea8cf854880ff03a58e0f36be268390","Ported source; build integration pending"
"Native controls and appearance","src/slic3r/GUI/Widgets/LinkLabel.hpp","M","c5df6199e1a83b1c94be12e999c0b322fded8730","969749a7914e8f7beed8d98e5cf6ac58600fd959","f977235e6d736c4c0b650520ac5a5b72cbfe9244","7f7e492eb640b7184ff8aa531de5c5c90f0066e5","Ported source; build integration pending"
"Native controls and appearance","src/slic3r/GUI/Widgets/ListBox.cpp","A","c5df6199e1a83b1c94be12e999c0b322fded8730","e150994942991d5ae4ffaf0e61b2a57ff5104917","f977235e6d736c4c0b650520ac5a5b72cbfe9244","-","Ported source; build integration pending"
"Native controls and appearance","src/slic3r/GUI/Widgets/ListBox.hpp","A","c5df6199e1a83b1c94be12e999c0b322fded8730","39dc211b873353f435e211dab56c6d890fb1ffbb","f977235e6d736c4c0b650520ac5a5b72cbfe9244","-","Ported source; build integration pending"
"Native controls and appearance","src/slic3r/GUI/Widgets/MD3ColorPicker.cpp","A","c5df6199e1a83b1c94be12e999c0b322fded8730","65670838a3ee8aa03d9de63df06469510ff58775","f977235e6d736c4c0b650520ac5a5b72cbfe9244","-","Ported source; build integration pending"
"Native controls and appearance","src/slic3r/GUI/Widgets/MD3ColorPicker.hpp","A","c5df6199e1a83b1c94be12e999c0b322fded8730","0de458cc1ea7147cd713231929075a417d2c00bf","f977235e6d736c4c0b650520ac5a5b72cbfe9244","-","Ported source; build integration pending"
"Native controls and appearance","src/slic3r/GUI/Widgets/MD3Dialog.cpp","A","c5df6199e1a83b1c94be12e999c0b322fded8730","f48ef2e457acd37017ec925c3cf63a7e0bbb2e6f","f977235e6d736c4c0b650520ac5a5b72cbfe9244","-","Ported source; build integration pending"
"Native controls and appearance","src/slic3r/GUI/Widgets/MD3Dialog.hpp","A","c5df6199e1a83b1c94be12e999c0b322fded8730","9cc110ba0ab8b781471560df9512a8834e05e1a0","f977235e6d736c4c0b650520ac5a5b72cbfe9244","-","Ported source; build integration pending"
"Native controls and appearance","src/slic3r/GUI/Widgets/MD3DialogChrome.cpp","A","c5df6199e1a83b1c94be12e999c0b322fded8730","1ad2fc99eab450fe16618cc50bddf51549095f12","f977235e6d736c4c0b650520ac5a5b72cbfe9244","-","Ported source; build integration pending"
"Native controls and appearance","src/slic3r/GUI/Widgets/MD3DialogChrome.hpp","A","c5df6199e1a83b1c94be12e999c0b322fded8730","85a2ba64bdef275f100057fd2bf11919490a48f5","f977235e6d736c4c0b650520ac5a5b72cbfe9244","-","Ported source; build integration pending"
"Native controls and appearance","src/slic3r/GUI/Widgets/MD3Menu.cpp","A","c5df6199e1a83b1c94be12e999c0b322fded8730","3180742dcb8df5fdb69da98b66ca8d9f2026aad8","f977235e6d736c4c0b650520ac5a5b72cbfe9244","-","Ported source; build integration pending"
"Native controls and appearance","src/slic3r/GUI/Widgets/MD3Menu.hpp","A","c5df6199e1a83b1c94be12e999c0b322fded8730","c49af98bb6c184903ac27e171ab744d62de78d8e","f977235e6d736c4c0b650520ac5a5b72cbfe9244","-","Ported source; build integration pending"
"Native controls and appearance","src/slic3r/GUI/Widgets/MD3MenuModel.hpp","A","c5df6199e1a83b1c94be12e999c0b322fded8730","e71438477bc5a3b8cf626568ded1aede7cb9b15d","f977235e6d736c4c0b650520ac5a5b72cbfe9244","-","Ported source; build integration pending"
"Native controls and appearance","src/slic3r/GUI/Widgets/MD3Motion.cpp","A","c5df6199e1a83b1c94be12e999c0b322fded8730","10209cbc140a29047c31a72c4a5f6bb29251fcdb","f977235e6d736c4c0b650520ac5a5b72cbfe9244","-","Ported source; build integration pending"
"Native controls and appearance","src/slic3r/GUI/Widgets/MD3Motion.hpp","A","c5df6199e1a83b1c94be12e999c0b322fded8730","d2f8bf25008fa5797e04730735ae915f34bd3e76","f977235e6d736c4c0b650520ac5a5b72cbfe9244","-","Ported source; build integration pending"
"Native controls and appearance","src/slic3r/GUI/Widgets/MD3Tokens.hpp","A","c5df6199e1a83b1c94be12e999c0b322fded8730","f78bce6651b509c9941df6399f597ae48d1b135e","f977235e6d736c4c0b650520ac5a5b72cbfe9244","-","Ported source; build integration pending"
"Native controls and appearance","src/slic3r/GUI/Widgets/MaterialIcon.cpp","A","c5df6199e1a83b1c94be12e999c0b322fded8730","b9f08aa94813f0b26e80821250b861d860fd77c4","f977235e6d736c4c0b650520ac5a5b72cbfe9244","-","Ported source; build integration pending"
"Native controls and appearance","src/slic3r/GUI/Widgets/MaterialIcon.hpp","A","c5df6199e1a83b1c94be12e999c0b322fded8730","9959874e90cb22044bfd6f17a480113662935e18","f977235e6d736c4c0b650520ac5a5b72cbfe9244","-","Ported source; build integration pending"
"Native controls and appearance","src/slic3r/GUI/Widgets/ProgressBar.cpp","M","c5df6199e1a83b1c94be12e999c0b322fded8730","3667176cc4d70f69015161836bfe0565f3236e69","f977235e6d736c4c0b650520ac5a5b72cbfe9244","dd63cb6a03bdf3dfabbdce2fe344bbc56a40a288","Ported source; build integration pending"
"Native controls and appearance","src/slic3r/GUI/Widgets/ProgressBar.hpp","M","c5df6199e1a83b1c94be12e999c0b322fded8730","2ffd1341d9b6475f31618a3a20039c283da7c9c0","f977235e6d736c4c0b650520ac5a5b72cbfe9244","862079dd75545844c26516ae32f2477559f2095e","Ported source; build integration pending"
"Native controls and appearance","src/slic3r/GUI/Widgets/ProgressDialog.cpp","M","c5df6199e1a83b1c94be12e999c0b322fded8730","d622a3b0204a477066c10fd92433345621954f6c","f977235e6d736c4c0b650520ac5a5b72cbfe9244","956a7476feed09ceee9ba993233cd2f58862e017","Ported source; build integration pending"
"Native controls and appearance","src/slic3r/GUI/Widgets/ProgressDialog.hpp","M","c5df6199e1a83b1c94be12e999c0b322fded8730","7127e95f522e9b5a24701645b19f542498d3266b","f977235e6d736c4c0b650520ac5a5b72cbfe9244","b93a2f4eee5a769db79b5d0db437a0e7829b8bb7","Ported source; build integration pending"
"Native controls and appearance","src/slic3r/GUI/Widgets/RadioBox.cpp","M","c5df6199e1a83b1c94be12e999c0b322fded8730","f6acbfb60b33827edc8f5232d17b84f11b53b098","f977235e6d736c4c0b650520ac5a5b72cbfe9244","88427b0304a7d8ab70329efbc7df9188c3b40b88","Ported source; build integration pending"
"Native controls and appearance","src/slic3r/GUI/Widgets/RadioBox.hpp","M","c5df6199e1a83b1c94be12e999c0b322fded8730","41d34d310a12351e94e744e3d12c2ca0bb6b3294","f977235e6d736c4c0b650520ac5a5b72cbfe9244","b2c03aae15b7a899246ba4689714e5cc08cc36c3","Ported source; build integration pending"
"Native controls and appearance","src/slic3r/GUI/Widgets/RegexBuilderBridgeState.hpp","A","c5df6199e1a83b1c94be12e999c0b322fded8730","170496209d1c47691539a0c394290b6f21cbf176","f977235e6d736c4c0b650520ac5a5b72cbfe9244","-","Ported source; build integration pending"
"Native controls and appearance","src/slic3r/GUI/Widgets/RegexBuilderPopup.cpp","A","c5df6199e1a83b1c94be12e999c0b322fded8730","fec7c09e237aa12dd38bc52df123839e35de33d2","f977235e6d736c4c0b650520ac5a5b72cbfe9244","-","Ported source; build integration pending"
"Native controls and appearance","src/slic3r/GUI/Widgets/RegexBuilderPopup.hpp","A","c5df6199e1a83b1c94be12e999c0b322fded8730","3a5d8125ca6f835492ad86d53c5a9b5b8e3816ea","f977235e6d736c4c0b650520ac5a5b72cbfe9244","-","Ported source; build integration pending"
"Native controls and appearance","src/slic3r/GUI/Widgets/RoundedRectangle.cpp","M","c5df6199e1a83b1c94be12e999c0b322fded8730","9449e6398fad869ef62909c281e05e4f2c4f739f","f977235e6d736c4c0b650520ac5a5b72cbfe9244","9f8e82d65816ecbe62442a5b6c60a4d162ba8780","Ported source; build integration pending"
"Native controls and appearance","src/slic3r/GUI/Widgets/Scrollbar.cpp","M","c5df6199e1a83b1c94be12e999c0b322fded8730","c8338b307812cdf16bf0c206a03f02532387ad61","f977235e6d736c4c0b650520ac5a5b72cbfe9244","b71390b833c4449393d653be9a8686571b29348b","Ported source; build integration pending"
"Native controls and appearance","src/slic3r/GUI/Widgets/SearchField.cpp","A","c5df6199e1a83b1c94be12e999c0b322fded8730","c05c8ea20ab9a3ea51ad6a079ca75b29134179c7","f977235e6d736c4c0b650520ac5a5b72cbfe9244","-","Ported source; build integration pending"
"Native controls and appearance","src/slic3r/GUI/Widgets/SearchField.hpp","A","c5df6199e1a83b1c94be12e999c0b322fded8730","56b1831fdfb560be9ad9979ba372a94903497504","f977235e6d736c4c0b650520ac5a5b72cbfe9244","-","Ported source; build integration pending"
"Native controls and appearance","src/slic3r/GUI/Widgets/SideButton.cpp","M","c5df6199e1a83b1c94be12e999c0b322fded8730","337d61e148e126e5d13d4579394448eda9bcbbcc","f977235e6d736c4c0b650520ac5a5b72cbfe9244","6f897a79fb476d9093c4c75979391fab54a7cc78","Ported source; build integration pending"
"Native controls and appearance","src/slic3r/GUI/Widgets/SideButton.hpp","M","c5df6199e1a83b1c94be12e999c0b322fded8730","d21b0cc532533622caf88e2102e6d4e5433ce0e1","f977235e6d736c4c0b650520ac5a5b72cbfe9244","4f8d893f9357214e6ceacf76d235c8e35f790ce9","Ported source; build integration pending"
"Native controls and appearance","src/slic3r/GUI/Widgets/SideMenuPopup.cpp","M","c5df6199e1a83b1c94be12e999c0b322fded8730","a5d0f62cacefe9f5b55f48fc3849c72335a69452","f977235e6d736c4c0b650520ac5a5b72cbfe9244","392d62e547fae3a09e18c8022d635d320991a72c","Ported source; build integration pending"
"Native controls and appearance","src/slic3r/GUI/Widgets/SideMenuPopup.hpp","M","c5df6199e1a83b1c94be12e999c0b322fded8730","f95b51d05e71617d12e984f4fc17fefc51cfbc2a","f977235e6d736c4c0b650520ac5a5b72cbfe9244","09f756a5ebbca3f6750f20105849d314c489352f","Ported source; build integration pending"
"Native controls and appearance","src/slic3r/GUI/Widgets/SideTools.cpp","M","c5df6199e1a83b1c94be12e999c0b322fded8730","b5c13fd657ed88c6f4a281696a177ad1a76d6757","f977235e6d736c4c0b650520ac5a5b72cbfe9244","2ae5e7b8b7507b6d74eda847a5868969812dfb54","Ported source; build integration pending"
"Native controls and appearance","src/slic3r/GUI/Widgets/SideTools.hpp","M","c5df6199e1a83b1c94be12e999c0b322fded8730","46f9bb42dd26dc5bdd0f4ad1bb21c3877cc0ea8b","f977235e6d736c4c0b650520ac5a5b72cbfe9244","433bdc2e6dd370d8078375ab3cde791348712a80","Ported source; build integration pending"
"Native controls and appearance","src/slic3r/GUI/Widgets/SlideToConfirm.cpp","A","c5df6199e1a83b1c94be12e999c0b322fded8730","959ecd245fec9d6a3d4fbff45ffc86dfc60eefd0","f977235e6d736c4c0b650520ac5a5b72cbfe9244","-","Ported source; build integration pending"
"Native controls and appearance","src/slic3r/GUI/Widgets/SlideToConfirm.hpp","A","c5df6199e1a83b1c94be12e999c0b322fded8730","10e2f36923344755fa63d79072e770d55502a48e","f977235e6d736c4c0b650520ac5a5b72cbfe9244","-","Ported source; build integration pending"
"Native controls and appearance","src/slic3r/GUI/Widgets/Slider.cpp","A","c5df6199e1a83b1c94be12e999c0b322fded8730","a2a1316b8e1a640ef6af221fcd3b275e55a11e3c","f977235e6d736c4c0b650520ac5a5b72cbfe9244","-","Ported source; build integration pending"
"Native controls and appearance","src/slic3r/GUI/Widgets/Slider.hpp","A","c5df6199e1a83b1c94be12e999c0b322fded8730","9853e980d6c6abe48d135ed244eddd51c517ce67","f977235e6d736c4c0b650520ac5a5b72cbfe9244","-","Ported source; build integration pending"
"Native controls and appearance","src/slic3r/GUI/Widgets/SpinInput.cpp","M","c5df6199e1a83b1c94be12e999c0b322fded8730","32127ef9fd76ea1b8f631f882618f8a26d63af92","f977235e6d736c4c0b650520ac5a5b72cbfe9244","387d9176a2fffd4e1f191eed5807e51f00bf357e","Ported source; build integration pending"
"Native controls and appearance","src/slic3r/GUI/Widgets/StateColor.cpp","M","c5df6199e1a83b1c94be12e999c0b322fded8730","436ffd73e31685621039d4b2d72f53d4ba609c1c","f977235e6d736c4c0b650520ac5a5b72cbfe9244","1407df63dfcd9a76b0491bf05608cc7fdf8f432a","Ported source; build integration pending"
"Native controls and appearance","src/slic3r/GUI/Widgets/StateColor.hpp","M","c5df6199e1a83b1c94be12e999c0b322fded8730","9383a4ea520ea08443eb02126b6a5b785f3641eb","f977235e6d736c4c0b650520ac5a5b72cbfe9244","3ca1319d341b34a2080c6af2ef0f8d58fdebe981","Ported source; build integration pending"
"Native controls and appearance","src/slic3r/GUI/Widgets/StaticBox.cpp","M","c5df6199e1a83b1c94be12e999c0b322fded8730","aeb0d8c8203814c7e45e22dcaad94b8b5abd1391","f977235e6d736c4c0b650520ac5a5b72cbfe9244","8ac8121c3d28351f2a99df7bac351d4017674139","Ported source; build integration pending"
"Native controls and appearance","src/slic3r/GUI/Widgets/StaticBox.hpp","M","c5df6199e1a83b1c94be12e999c0b322fded8730","3b9c097890f2c92e83d507e0013e02c56b1ede21","f977235e6d736c4c0b650520ac5a5b72cbfe9244","b7cdee34efe92cff1e7f59bdff3e3cb23650e480","Ported source; build integration pending"
"Native controls and appearance","src/slic3r/GUI/Widgets/StaticGroup.cpp","M","c5df6199e1a83b1c94be12e999c0b322fded8730","dd0cca0ac436d4f7f94285166c16d126b701fd8b","f977235e6d736c4c0b650520ac5a5b72cbfe9244","c2d0c1c4c80783ff48a574fe36c26f927e7caeae","Ported source; build integration pending"
"Native controls and appearance","src/slic3r/GUI/Widgets/StaticLine.cpp","M","c5df6199e1a83b1c94be12e999c0b322fded8730","947873fed555502372a4a5f73c7e32d0913167ea","f977235e6d736c4c0b650520ac5a5b72cbfe9244","d96cab2294b22841415b96a0dfce283271f05aa8","Ported source; build integration pending"
"Native controls and appearance","src/slic3r/GUI/Widgets/StepCtrl.cpp","M","c5df6199e1a83b1c94be12e999c0b322fded8730","72df5f6451387a263ca1fe91050b6e6baa3bd973","f977235e6d736c4c0b650520ac5a5b72cbfe9244","eb1b0911726861f356964e64df68854fd734a7ef","Ported source; build integration pending"
"Native controls and appearance","src/slic3r/GUI/Widgets/StepCtrl.hpp","M","c5df6199e1a83b1c94be12e999c0b322fded8730","3e83d30035e0178f443bc0b0228ab62742d795e5","f977235e6d736c4c0b650520ac5a5b72cbfe9244","f59f9aac852aa78c6bd9873db9faaa648078b3e0","Ported source; build integration pending"
"Native controls and appearance","src/slic3r/GUI/Widgets/SuperConfirmGate.cpp","A","c5df6199e1a83b1c94be12e999c0b322fded8730","dba6a83a8f5ec13f9d2a66bcd13ca2e725c3a020","f977235e6d736c4c0b650520ac5a5b72cbfe9244","-","Ported source; build integration pending"
"Native controls and appearance","src/slic3r/GUI/Widgets/SuperConfirmGate.hpp","A","c5df6199e1a83b1c94be12e999c0b322fded8730","05d1d309aa86d9ec4fcacaa601a370e41d8d189c","f977235e6d736c4c0b650520ac5a5b72cbfe9244","-","Ported source; build integration pending"
"Native controls and appearance","src/slic3r/GUI/Widgets/SuperConfirmState.hpp","A","c5df6199e1a83b1c94be12e999c0b322fded8730","02d0e95cc9ef2b3d1bc85de888a7ac200cb4339e","f977235e6d736c4c0b650520ac5a5b72cbfe9244","-","Ported source; build integration pending"
"Native controls and appearance","src/slic3r/GUI/Widgets/SwitchButton.cpp","M","c5df6199e1a83b1c94be12e999c0b322fded8730","be7b60148eae28be4d2ab89460445d6803b31c4f","f977235e6d736c4c0b650520ac5a5b72cbfe9244","18266dc96f44f7b950783529cafbabe5454d5e85","Ported source; build integration pending"
"Native controls and appearance","src/slic3r/GUI/Widgets/SwitchButton.hpp","M","c5df6199e1a83b1c94be12e999c0b322fded8730","d66189da2c4fd94234af9dab012a5acd2a0eb46f","f977235e6d736c4c0b650520ac5a5b72cbfe9244","abe5dec75403291a5699b6ea9b08292b9871ad00","Ported source; build integration pending"
"Native controls and appearance","src/slic3r/GUI/Widgets/TabCtrl.cpp","M","c5df6199e1a83b1c94be12e999c0b322fded8730","53ee63583d4873629e459fde02ba0e9f83480ef8","f977235e6d736c4c0b650520ac5a5b72cbfe9244","efdbcda54706def8d32e8cac6bd753e19e1a7893","Ported source; build integration pending"
"Native controls and appearance","src/slic3r/GUI/Widgets/TabCtrl.hpp","M","c5df6199e1a83b1c94be12e999c0b322fded8730","b5f4142e3116054c4161e926be22461d9f37297d","f977235e6d736c4c0b650520ac5a5b72cbfe9244","0fe73e1762ed7b0b3b91155b20eb5628018a7553","Ported source; build integration pending"
"Native controls and appearance","src/slic3r/GUI/Widgets/TabStrip.cpp","A","c5df6199e1a83b1c94be12e999c0b322fded8730","329e013bf6be782d8a860c98548c12e1d65c9eb2","f977235e6d736c4c0b650520ac5a5b72cbfe9244","-","Ported source; build integration pending"
"Native controls and appearance","src/slic3r/GUI/Widgets/TabStrip.hpp","A","c5df6199e1a83b1c94be12e999c0b322fded8730","204d93c1a2e786b359f3513cd21802e0a26bf498","f977235e6d736c4c0b650520ac5a5b72cbfe9244","-","Ported source; build integration pending"
"Native controls and appearance","src/slic3r/GUI/Widgets/TabStripDialogs.cpp","A","c5df6199e1a83b1c94be12e999c0b322fded8730","c03d078021620b1667aa6c994456664fb570ae39","f977235e6d736c4c0b650520ac5a5b72cbfe9244","-","Ported source; build integration pending"
"Native controls and appearance","src/slic3r/GUI/Widgets/TabStripDialogs.hpp","A","c5df6199e1a83b1c94be12e999c0b322fded8730","98e60d8728602b2b13812aa0f6a4f1dd1d3a12f0","f977235e6d736c4c0b650520ac5a5b72cbfe9244","-","Ported source; build integration pending"
"Native controls and appearance","src/slic3r/GUI/Widgets/TabStripModel.hpp","A","c5df6199e1a83b1c94be12e999c0b322fded8730","200481c981c3bde92fcc9e9597c23ce3f09b28bd","f977235e6d736c4c0b650520ac5a5b72cbfe9244","-","Ported source; build integration pending"
"Native controls and appearance","src/slic3r/GUI/Widgets/TempInput.cpp","M","c5df6199e1a83b1c94be12e999c0b322fded8730","403a4609592a8df7dd1a229f8c3a6591a6f7057e","f977235e6d736c4c0b650520ac5a5b72cbfe9244","d0e1af23c22409b5793875a6e2486aeb637adff0","Ported source; build integration pending"
"Native controls and appearance","src/slic3r/GUI/Widgets/TempInput.hpp","M","c5df6199e1a83b1c94be12e999c0b322fded8730","f406506a7319de649fecf4ae7beeb3178505585b","f977235e6d736c4c0b650520ac5a5b72cbfe9244","555fbb9ef5ac6e83ee6f655cba0d51eeea5384a9","Ported source; build integration pending"
"Native controls and appearance","src/slic3r/GUI/Widgets/TextArea.cpp","A","c5df6199e1a83b1c94be12e999c0b322fded8730","b55f996842c39e78eb7c64817b7d9f32eaff0465","f977235e6d736c4c0b650520ac5a5b72cbfe9244","-","Ported source; build integration pending"
"Native controls and appearance","src/slic3r/GUI/Widgets/TextArea.hpp","A","c5df6199e1a83b1c94be12e999c0b322fded8730","c1990f033a1ce13929f9182f5d32d3b26e385c0c","f977235e6d736c4c0b650520ac5a5b72cbfe9244","-","Ported source; build integration pending"
"Native controls and appearance","src/slic3r/GUI/Widgets/TextInput.cpp","M","c5df6199e1a83b1c94be12e999c0b322fded8730","e9b603a344ea442afd865d4182b4c1185f780b8f","f977235e6d736c4c0b650520ac5a5b72cbfe9244","cf7e1a12f2e7c10591d4e5d2b35236e186f97be5","Ported source; build integration pending"
"Native controls and appearance","src/slic3r/GUI/Widgets/WebView.cpp","M","c5df6199e1a83b1c94be12e999c0b322fded8730","2db19a521cb7d2ac664624d6dedebbb1ee2d77ca","f977235e6d736c4c0b650520ac5a5b72cbfe9244","8b48f61619e7caf9995c722b7ec30bace5496bac","Ported source; build integration pending"
"Model Creator","docs/features/model-creator/README.md","A","c5df6199e1a83b1c94be12e999c0b322fded8730","902da3ebca7fa290e21ee7ea9811380c03b3664c","f977235e6d736c4c0b650520ac5a5b72cbfe9244","-","Ported source; host integration pending"
"Model Creator","src/slic3r/GUI/ModelCreator/ModelCreatorBackend.cpp","A","c5df6199e1a83b1c94be12e999c0b322fded8730","22f26705b9335ef5b532932840a8f10c78a397f2","f977235e6d736c4c0b650520ac5a5b72cbfe9244","-","Ported source; host integration pending"
"Model Creator","src/slic3r/GUI/ModelCreator/ModelCreatorBackend.hpp","A","c5df6199e1a83b1c94be12e999c0b322fded8730","ffbf016a4437b7aa6b8819e76e611c4c9d9d6417","f977235e6d736c4c0b650520ac5a5b72cbfe9244","-","Ported source; host integration pending"
"Model Creator","src/slic3r/GUI/ModelCreator/ModelCreatorDialog.cpp","A","c5df6199e1a83b1c94be12e999c0b322fded8730","df878171cbfe2bd8f65599c4f0fa426ebeea77df","f977235e6d736c4c0b650520ac5a5b72cbfe9244","-","Ported source; host integration pending"
"Model Creator","src/slic3r/GUI/ModelCreator/ModelCreatorDialog.hpp","A","c5df6199e1a83b1c94be12e999c0b322fded8730","fd1758d36583cfcd9863e71f5aad31784e2d833c","f977235e6d736c4c0b650520ac5a5b72cbfe9244","-","Ported source; host integration pending"
"Model Creator","src/slic3r/GUI/ModelCreator/ProcessRunner.cpp","A","c5df6199e1a83b1c94be12e999c0b322fded8730","6e8f3b4326eeb4465417efae2f714108af035a8b","f977235e6d736c4c0b650520ac5a5b72cbfe9244","-","Ported source; host integration pending"
"Model Creator","src/slic3r/GUI/ModelCreator/ProcessRunner.hpp","A","c5df6199e1a83b1c94be12e999c0b322fded8730","080f0f9489958d53c7393804aac67bee7f8c1fbd","f977235e6d736c4c0b650520ac5a5b72cbfe9244","-","Ported source; host integration pending"
"Model Creator","src/slic3r/GUI/ModelCreator/SceneSpec.cpp","A","c5df6199e1a83b1c94be12e999c0b322fded8730","ef8b15531e7def30bd0994022436bd39c6ff148d","f977235e6d736c4c0b650520ac5a5b72cbfe9244","-","Ported source; host integration pending"
"Model Creator","src/slic3r/GUI/ModelCreator/SceneSpec.hpp","A","c5df6199e1a83b1c94be12e999c0b322fded8730","6aa42f521dfaab5d65dd2262f58059e53bb187e3","f977235e6d736c4c0b650520ac5a5b72cbfe9244","-","Ported source; host integration pending"
"Model Creator","tests/model_creator/CMakeLists.txt","A","c5df6199e1a83b1c94be12e999c0b322fded8730","38c71e0eb603829b7bca6f6d68d04f1d845065fc","f977235e6d736c4c0b650520ac5a5b72cbfe9244","-","Ported source; host integration pending"
"Model Creator","tests/model_creator/model_creator_tests.cpp","A","c5df6199e1a83b1c94be12e999c0b322fded8730","d704426ffa62098d3d4ec58d59f7d9b158922f74","f977235e6d736c4c0b650520ac5a5b72cbfe9244","-","Ported source; host integration pending"
"Model Creator","tests/model_creator/process_runner_tests.cpp","A","c5df6199e1a83b1c94be12e999c0b322fded8730","ae013fb4f44799ad8232cc62e77d6ad9a1754777","f977235e6d736c4c0b650520ac5a5b72cbfe9244","-","Ported source; host integration pending"
