file,line,member,px,has_bind,verdict,source,reason
"AboutDialog.cpp","315","m_logo","","no","data","m_logo_bitmap.bmp()",""
"AMSDryControl.cpp","114","m_icon_bitmap","","no","data","wxNullBitmap","Filament brand/type picture chosen by name at runtime for the drying list; content picture, not an icon."
"AMSDryControl.cpp","296","m_humidity_img","","no","data","wxNullBitmap",""
"AMSDryControl.cpp","304","m_image_description_icon","","no","data","wxNullBitmap","AMS drying heating illustration (dev_ams_dry_ctr_heating_icon) explaining the heater; content picture. Deferred: a kit glyph needs a heater symbol that the vendored font lacks (checked 2026-09-05)."
"AMSDryControl.cpp","720","m_image_placeholder","","no","data","wxNullBitmap",""
"AmsMappingPopup.cpp","1614","img_enable_ams","118","no","data","create_scaled_bitmap(""monitor_upgrade_ams"", this, 108)",""
"AmsMappingPopup.cpp","1650","img_disable_ams","109","no","data","create_scaled_bitmap(""disable_ams_demo_icon"", this, 95)",""
"AmsMappingPopup.cpp","1699","curr_humidity_img","132","no","data","create_scaled_bitmap(""hum_level1_light"", this, 132)",""
"AmsMappingPopup.cpp","1846","img_top","50","no","data","create_scaled_bitmap(""ams_item_examples"", this, 30)",""
"AmsMappingPopup.cpp","1860","arrows_top","24","no","md3-rendered","arrow_top_bmp","Rendered as the chevron glyph when the font is available (see the branch above the site); the raster is the no-font fallback."
"AmsMappingPopup.cpp","1879","arrows_bottom","24","no","md3-rendered","arrow_bottom_bmp","Rendered as the chevron glyph when the font is available (see the branch above the site); the raster is the no-font fallback."
"AmsMappingPopup.cpp","1898","img_middle","50","no","data","create_scaled_bitmap(""ams_item_examples"", this, 30)",""
"AmsMappingPopup.cpp","1913","img_botton","","no","data","create_scaled_bitmap(""ams_mapping_examples"", this, 87)",""
"AmsMappingPopup.cpp","1963","m_img_enable_ams","","no","data","create_scaled_bitmap(""monitor_upgrade_ams"", this, FromDIP(140))",""
"AmsMappingPopup.cpp","1964","m_img_disable_ams","","no","data","create_scaled_bitmap(""disable_ams_demo_icon"", this, FromDIP(110))",""
"AmsMappingPopup.cpp","2710","m_icon","","no","data","wxNullBitmap","DevIconLabel shows a device-type picture chosen by name at runtime (AMS / printer artwork); content picture keyed by the device model."
"AMSMaterialsSetting.cpp","3163","info_bmp","16","no","md3-rendered","MaterialIcon::bitmap(this, MaterialIcon::Info, 16, StateColor::semantic(MD3::Role::OnSurfaceVariant))",""
"AMSMaterialsSetting.cpp","3175","m_hit_card","","no","data","wxNullBitmap","Composed filament-card preview image (colour chip + name/weight row) fed by _make_filament_card_bitmap(); content data, not a semantic icon, and never bound to a click."
"AMSMaterialsSetting.cpp","3456","hint_bmp","16","no","md3-rendered","MaterialIcon::bitmap(this, MaterialIcon::Info, 16, StateColor::semantic(MD3::Role::OnSurfaceVariant))",""
"AMSMaterialsSetting.cpp","3468","bmp_ctrl","","no","data","_make_filament_card_bitmap(this, sp)","Composed filament-card preview image (colour chip + name/weight row) fed by _make_filament_card_bitmap(); content data, not a semantic icon, and never bound to a click."
"AMSSetting.cpp","249","m_am_img","","no","data","create_scaled_bitmap(""ams_icon"", nullptr, 126)",""
"AppLogo/LogoPanel.cpp","114","view","","no","data","wxNullBitmap","Live RGBA render of the selected app logo at 16 to 64 px, the same render the title bar and window icon draw; a content preview, not an icon to convert."
"BaseTransparentDPIFrame.cpp","50","completedimg","","no","data","create_scaled_bitmap(icon_name, this, 25)",""
"BindDialog.cpp","382","m_printer_img","120","no","data","create_scaled_bitmap(""printer_thumbnail"", nullptr, FromDIP(100))",""
"BindDialog.cpp","399","","34","no","data","m_bind_icon","Bind / unbind link illustration between the printer and account panels; content picture, not an icon."
"BindDialog.cpp","412","m_avatar","60","no","data","wxNullBitmap","User avatar photo downloaded from the account; content picture."
"BindDialog.cpp","989","m_printer_img","120","no","data","create_scaled_bitmap(""printer_thumbnail"", nullptr, FromDIP(100))",""
"BindDialog.cpp","1006","","36","no","data","m_bind_icon","Bind / unbind link illustration between the printer and account panels; content picture, not an icon."
"BindDialog.cpp","1019","m_avatar","60","no","data","wxNullBitmap","User avatar photo downloaded from the account; content picture."
"BulkFilamentDialog.cpp","100","bmp","","no","data","*swatch","Filament colour swatch; data colour, exempt as data."
"CalibrationWizardPage.cpp","263","m_nozzle_bmp","","no","data","create_scaled_bitmap(""cali_nozzle"", this, 20)",""
"CalibrationWizardPage.cpp","618","m_img","","no","data","wxNullBitmap",""
"CalibrationWizardPage.cpp","687","m_img","","no","data","wxNullBitmap",""
"CalibrationWizardStartPage.cpp","43","m_before_bmp","","no","data","wxNullBitmap","Calibration before/after example photo; content image, not an icon."
"CalibrationWizardStartPage.cpp","46","m_after_bmp","","no","data","wxNullBitmap","Calibration before/after example photo; content image, not an icon."
"CalibrationWizardStartPage.cpp","67","m_bmp_intro","","no","data","wxNullBitmap","Calibration introduction picture; content image, not an icon."
"CameraPopup.cpp","502","m_image","","yes","data","m_bitmap_normal.bmp()","Camera item artwork inside the CameraItem row; the row is the control and every mouse event (left, right, double click) is forwarded to it. Content, not a control."
"ColorDecomposeDialog.cpp","458","bmp","","no","data","wxNullBitmap","Rendered colour-decomposition swatch image fed by make_decompose_swatch_bitmap(); content data representing the actual computed colour, not a semantic icon, and never bound to a click."
"ColorDecomposeDialog.cpp","815","no_card_bmp","16","no","md3-rendered","MaterialIcon::bitmap(m_no_card_warning_panel, MaterialIcon::Warning, 16, StateColor::semantic(MD3::Role::Error))",""
"ColorDecomposeDialog.cpp","844","warn_bmp","16","no","md3-rendered","MaterialIcon::bitmap(m_limit_warning_panel, MaterialIcon::Warning, 16, StateColor::semantic(MD3::Role::Error))",""
"ConfigWizard.cpp","272","bitmap_widget","","no","data","bitmap","Printer / vendor picture in the wizard; content picture, not an icon."
"ConnectPrinter.cpp","96","m_bitmap_diagram","340","no","data","wxNullBitmap",""
"CreatePresetsDialog.cpp","1570","m_step_1","","no","md3-rendered","MaterialIcon::bitmap(step_switch_panel, MaterialIcon::Counter1, 20, StateColor::semantic(MD3::Role::Primary))","Step marker rendered as MaterialIcon::Counter1 / CheckCircle by page."
"CreatePresetsDialog.cpp","1577","m_step_2","","no","md3-rendered","MaterialIcon::bitmap(step_switch_panel, MaterialIcon::Counter2, 20, StateColor::semantic(MD3::Role::Outline))","Step marker rendered as MaterialIcon::Counter2 in Outline / Primary by page."
"CreatePresetsDialog.cpp","3424","success_bitmap","","no","md3-rendered","MaterialIcon::bitmap(this, MaterialIcon::TaskAlt, FromDIP(24), StateColor::semantic(MD3::Role::Primary))",""
"DeviceErrorDialog.cpp","76","m_error_picture","300","no","data","wxBitmap()",""
"DeviceTab/uiAmsHumidityPopup.cpp","50","m_humidity_img","","no","data","wxNullBitmap",""
"DeviceTab/uiAmsHumidityPopup.cpp","54","m_dry_state_img","","no","data","wxNullBitmap",""
"DeviceTab/uiDeviceUpdateVersion.cpp","109","m_dev_upgrade_indicator","10","no","md3-rendered","wxNullBitmap","Status dot rendered as MaterialIcon::FiberManualRecord in Primary."
"DeviceTab/wgtDeviceNozzleRack.cpp","162","m_toolhead_icon","98","no","data","m_extruder_nozzle_empty->bmp()",""
"DeviceTab/wgtDeviceNozzleRack.cpp","752","m_nozzle_icon","","yes","data","m_nozzle_empty_image->bmp()","46 px nozzle image tinted with the ink colour; the nozzle item row is the selectable control and the click forwards to OnItemSelected. Content, not a control."
"DeviceTab/wgtDeviceNozzleRack.cpp","755","m_nozzle_selected_bitmap","20","no","data","wxNullBitmap",""
"DeviceTab/wgtDeviceNozzleRackUpdate.cpp","274","m_icon_bitmap","","no","data","m_nozzle_empty_image->bmp()","Nozzle-rack product photo (empty / fitted states); content picture, not an icon."
"DeviceTab/wgtDeviceNozzleRackUpdate.cpp","290","m_colour_box","","no","data","wxNullBitmap","16 px swatch filled by create_filament_bitmap() with the fitted nozzle's actual ink colour (with a contrast border when needed); content data, not a symbol."
"DeviceTab/wgtDeviceNozzleRackUpdate.cpp","460","hoverBmp","","no","data","scaledBmp->bmp()","Nozzle-rack hover picture; content picture, not an icon."
"ExtrusionCalibration.cpp","236","m_calibration_tips_static_bmp","","yes","data","wxNullBitmap","Calibration instruction picture with a custom paint scaler; the click opens the picture larger. Deferred: needs a kit image-tile component that hosts a content image with an accessible open action."
"ExtrusionCalibration.cpp","361","zoomed_bitmap","","no","data","wxNullBitmap","Calibration instruction picture (720 px, localized artwork) shown enlarged in a popup; content, not chrome."
"FilamentMapPanel.cpp","864","icon_btn","","no","data","icon_bitmap","Empty-state illustration (search_file, 80 px) while filaments load; content picture, not an icon."
"FilamentPickerDialog.cpp","236","m_color_demo","","no","data","wxNullBitmap","Filament colour demonstration swatch rendered from the chosen colour; data colour, exempt as data."
"FilamentScanner.cpp","326","m_qr_bitmap","","no","data","qr_bitmap(url, FromDIP(6))",""
"FilamentSelectDialog.cpp","827","","","no","data","chip","Rendered spool colour-swatch chip fed by make_spool_color_chip(); content data representing the spool's actual colour, not a semantic icon. The row itself owns the click binding."
"FilamentSelectDialog.cpp","833","","","no","data","logo","Fixed BambuStudioBlack brand logo raster beside a Bambu-brand spool row; a brand mark, not a semantic icon to convert. The row itself owns the click binding."
"FilamentSelectDialog.cpp","960","arrow","","no","md3-rendered","MaterialIcon::bitmap(row, MaterialIcon::ChevronRight, 14, StateColor::semantic(MD3::Role::OnSurfaceVariant))",""
"HelioReleaseNote.cpp","669","success_icon","80","no","md3-rendered","MaterialIcon::bitmap(page_pat_panel, MaterialIcon::TaskAlt, 80, StateColor::semantic(MD3::Role::Primary))",""
"HelioReleaseNote.cpp","818","helio_pat_copy","","no","md3-rendered","MaterialIcon::bitmap(page_pat_panel, MaterialIcon::ContentCopy, 20, StateColor::semantic(MD3::Role::OnSurfaceVariant))",""
"HelioReleaseNote.cpp","828","helio_pat_refresh","","no","md3-rendered","MaterialIcon::bitmap(page_pat_panel, MaterialIcon::Refresh, 24, StateColor::semantic(MD3::Role::OnSurfaceVariant))",""
"HelioReleaseNote.cpp","832","helio_pat_eview","","no","md3-rendered","MaterialIcon::bitmap(page_pat_panel, MaterialIcon::Visibility, 24, StateColor::semantic(MD3::Role::OnSurfaceVariant))","Rendered as MaterialIcon::Visibility in OnSurfaceVariant."
"HelioReleaseNote.cpp","836","helio_pat_dview","","no","md3-rendered","MaterialIcon::bitmap(page_pat_panel, MaterialIcon::VisibilityOff, 24, StateColor::semantic(MD3::Role::OnSurfaceVariant))","Rendered as MaterialIcon::VisibilityOff in OnSurfaceVariant."
"HelioReleaseNote.cpp","1565","simulation_mode_icon","28","yes","data","simulation_icon_color","Mode card artwork; the surrounding card panel is the selectable control and the icon click forwards to the same selection handler. Content, not a control."
"HelioReleaseNote.cpp","1644","optimization_mode_icon","28","yes","data","optimization_icon_color","Mode card artwork; the surrounding card panel is the selectable control and the icon click forwards to the same selection handler. Content, not a control."
"HelioReleaseNote.cpp","1787","panel_pay_loading_icon","136","no","data","create_scaled_bitmap(""helio_loading"", panel_pay_optimization, 109)",""
"HelioReleaseNote.cpp","3287","rating_star1","24","no","md3-rendered","MaterialIcon::bitmap(this, MaterialIcon::Star, 24, StateColor::semantic(MD3::Role::OutlineVariant))",""
"HelioReleaseNote.cpp","3288","rating_star2","24","no","md3-rendered","MaterialIcon::bitmap(this, MaterialIcon::Star, 24, StateColor::semantic(MD3::Role::OutlineVariant))",""
"HelioReleaseNote.cpp","3289","rating_star3","24","no","md3-rendered","MaterialIcon::bitmap(this, MaterialIcon::Star, 24, StateColor::semantic(MD3::Role::OutlineVariant))",""
"HelioReleaseNote.cpp","3290","rating_star4","24","no","md3-rendered","MaterialIcon::bitmap(this, MaterialIcon::Star, 24, StateColor::semantic(MD3::Role::OutlineVariant))",""
"HelioReleaseNote.cpp","3291","rating_star5","24","no","md3-rendered","MaterialIcon::bitmap(this, MaterialIcon::Star, 24, StateColor::semantic(MD3::Role::OutlineVariant))",""
"HMSPanel.cpp","64","m_bitmap_notify","","no","md3-rendered","wxNullBitmap","Fed MaterialIcon::Error / Warning by severity from init_bitmaps()."
"HMSPanel.cpp","78","m_bitmap_arrow","","no","md3-rendered","wxNullBitmap","Fed MaterialIcon::ChevronRight from init_bitmaps()."
"ImageDPIFrame.cpp","36","m_bitmap","","no","data","create_scaled_bitmap(""printer_preview_C13"", this, m_image_px)","Printer preview rendering (printer_preview_*), a product picture scaled to the frame; content, not chrome."
"ImageMessageDialog.cpp","39","m_error_picture","","no","data","bitmap",""
"Monitor.cpp","51","m_bitmap_empty","","no","data","wxNullBitmap","Empty-state illustration (monitor_status_empty, 250 px): a content picture, not an icon. Stays a static image."
"ParamTooltip.cpp","668","m_image","","no","data","wxNullBitmap",""
"PartSkipDialog.cpp","240","m_retry_bitmap","","no","data","create_scaled_bitmap(""partskip_retry"", m_book_second_panel, 200)","Part-skip retry illustration (200 px) explaining the retry flow; content picture, not an icon."
"Plater.cpp","3169","image_printer","","yes","data","wxNullBitmap","Printer thumbnail; the click forwards to the printer preset combo, which is the control. Content, not a control."
"PlateSettingsDialog.cpp","525","warn_icon","16","no","md3-rendered","MaterialIcon::bitmap(this, MaterialIcon::Warning, 16, StateColor::semantic(MD3::Role::Error))",""
"PurgeModeDialog.cpp","194","m_btn","","yes","data","icon","Mode card icon; the PurgeModeItem card is the selectable control and the icon click forwards to it. Content, not a control."
"PurgeModeDialog.cpp","197","m_check_btn","","no","md3-rendered","check_icon","Rendered as MaterialIcon::CheckCircle in Primary."
"ReleaseNote.cpp","231","m_brand","70","no","data","sm",""
"ReleaseNote.cpp","271","m_bitmap_open_in_browser","","no","md3-rendered","MaterialIcon::bitmap(this, MaterialIcon::OpenInNew, 12, StateColor::semantic(MD3::Role::OnSurfaceVariant))",""
"ReleaseNote.cpp","822","m_error_prompt_pic_static","300","no","data","wxBitmap()",""
"ReleaseNote.cpp","1578","m_img_help","355","no","data","create_scaled_bitmap(""input_access_code_x1_en"", this, 198)",""
"ReleaseNote.cpp","1609","m_img_step1","10","no","md3-rendered","MaterialIcon::bitmap(this, MaterialIcon::FiberManualRecord, 10, StateColor::semantic(MD3::Role::OnSurfaceVariant))",""
"ReleaseNote.cpp","1610","m_img_step2","10","no","md3-rendered","MaterialIcon::bitmap(this, MaterialIcon::FiberManualRecord, 10, StateColor::semantic(MD3::Role::OnSurfaceVariant))",""
"ReleaseNote.cpp","1611","m_img_step3","10","no","md3-rendered","MaterialIcon::bitmap(this, MaterialIcon::FiberManualRecord, 10, StateColor::semantic(MD3::Role::OnSurfaceVariant))",""
"ReleaseNote.cpp","2249","expand_image","380","no","data","sm",""
"ReleaseNote.cpp","2281","check_icon","48","no","md3-rendered","MaterialIcon::bitmap(card1, MaterialIcon::VerifiedUser, 48, StateColor::semantic(MD3::Role::Primary))",""
"ReleaseNote.cpp","2304","speed_icon","48","no","md3-rendered","MaterialIcon::bitmap(card2, MaterialIcon::Speed, 48, StateColor::semantic(MD3::Role::Primary))",""
"ReleaseNote.cpp","2383","info_icon","14","no","md3-rendered","MaterialIcon::bitmap(this, MaterialIcon::Info, 14, StateColor::semantic(MD3::Role::OnSurfaceVariant))",""
"SelectMachine.cpp","385","timeimg","18","no","md3-rendered","dialog_action_glyph(m_basic_panel, MaterialIcon::Schedule, MD3::Role::OnSurfaceVariant, ""print-time"", 18)",""
"SelectMachine.cpp","397","weightimg","18","no","md3-rendered","dialog_action_glyph(m_basic_panel, MaterialIcon::Scale, MD3::Role::OnSurfaceVariant, ""print-weight"", 18)",""
"SelectMachine.cpp","814","m_options_line_bmp","25","no","md3-rendered","dialog_action_glyph(m_options_line_panel, MaterialIcon::Warning, MD3::Role::OnSurfaceVariant, ""warning"", 25)",""
"SelectMachine.cpp","928","completedimg","","no","md3-rendered","dialog_action_glyph(m_panel_finish, MaterialIcon::TaskAlt, MD3::Role::Primary, ""completed"", 25)",""
"SelectMachine.cpp","2983","warn_bmp","16","no","md3-rendered","dialog_action_glyph(&dlg, MaterialIcon::Warning, MD3::Role::OnSurfaceVariant, ""obj_warning"", 16)",""
"SelectMachine.cpp","7374","m_staticbitmap","","no","data","wxNullBitmap","Plate thumbnail host inside ThumbnailPanel; the image is the sliced plate render, content not chrome."
"SelectMachine.cpp","8147","m_bed_image","","no","data","create_scaled_bitmap(""bed_cool"", this, 32)",""
"SendMultiMachinePage.cpp","1336","timeimg","18","no","data","print_time->bmp()",""
"SendMultiMachinePage.cpp","1344","weightimg","18","no","data","print_weight->bmp()",""
"SendToPrinter.cpp","368","timeimg","18","no","data","create_scaled_bitmap(""print-time"", this, 18)",""
"SendToPrinter.cpp","375","weightimg","18","no","data","create_scaled_bitmap(""print-weight"", this, 18)",""
"SendToPrinter.cpp","509","completedimg","","no","data","create_scaled_bitmap(""completed"", m_panel_finish, 25)",""
"SliceInfoPanel.cpp","66","prediction_bitmap","","no","md3-rendered","MaterialIcon::bitmap(m_panel, MaterialIcon::Schedule, 16, StateColor::semantic(MD3::Role::OnSurfaceVariant))",""
"SliceInfoPanel.cpp","74","cost_bitmap","","no","md3-rendered","MaterialIcon::bitmap(m_panel, MaterialIcon::Payments, 16, StateColor::semantic(MD3::Role::OnSurfaceVariant))",""
"SliceInfoPanel.cpp","181","m_bmp_item_thumbnail","","no","data","wxNullBitmap",""
"SliceInfoPanel.cpp","192","m_bmp_item_prediction","","no","data","prediction","Caller-supplied bitmap passed into SliceInfoPanel; no live code constructs the panel (checked 2026-09-05), so there is no holder to render. Content owned by the caller."
"SliceInfoPanel.cpp","201","m_bmp_item_cost","","no","data","cost","Caller-supplied bitmap passed into SliceInfoPanel; no live code constructs the panel (checked 2026-09-05), so there is no holder to render. Content owned by the caller."
"SliceInfoPanel.cpp","221","m_bmp_item_print","","no","data","print","Caller-supplied bitmap passed into SliceInfoPanel; no live code constructs the panel (checked 2026-09-05), so there is no holder to render. Content owned by the caller."
"StatusPanel.cpp","1229","m_bitmap_thumbnail","","no","data","m_thumbnail_placeholder.bmp()",""
"StatusPanel.cpp","1249","m_bitmap_static_use_time","16","no","md3-rendered","m_bitmap_use_time.bmp()","Rendered by device_glyph_scalable(MaterialIcon::Schedule); the holder is fed a Material glyph."
"StatusPanel.cpp","1256","m_bitmap_static_use_weight","16","no","md3-rendered","m_bitmap_use_weight.bmp()","Rendered by device_glyph_scalable(MaterialIcon::Scale); the holder is fed a Material glyph."
"StatusPanel.cpp","2440","m_bitmap_sdcard_img","","no","data","wxNullBitmap",""
"StatusPanel.cpp","2444","m_bitmap_timelapse_img","","no","data","wxNullBitmap",""
"StatusPanel.cpp","2449","m_bitmap_recording_img","","no","data","wxNullBitmap",""
"StatusPanel.cpp","2453","m_bitmap_vcamera_img","","no","data","wxNullBitmap",""
"StatusPanel.cpp","2804","bmp","","no","md3-rendered","MaterialIcon::bitmap(parent, glyph, 20, colour)",""
"StatusPanel.cpp","3195","m_img_filament_loading","24","no","md3-rendered","filament_loading_chevron(this, false)",""
"StatusPanel.cpp","3225","m_filament_load_img","","no","data","wxNullBitmap",""
"StatusPanel.cpp","7213","imageCtrl","","yes","data","wxBitmap(wxImage(local_path, wxBITMAP_TYPE_ANY).Rescale(FromDIP(80), FromDIP(60)))","Print-rating photo tiles (local and downloaded) that open a preview on click. Deferred: needs a kit image-tile component with an accessible open action; the tile map is keyed on the holder type."
"StatusPanel.cpp","7236","imageCtrl","","yes","data","wxBitmap(image.Rescale(FromDIP(80), FromDIP(60)))","Print-rating photo tiles (local and downloaded) that open a preview on click. Deferred: needs a kit image-tile component with an accessible open action; the tile map is keyed on the holder type."
"StatusPanel.cpp","7417","little_photo_img","20","no","data","little_photo.bmp()",""
"SyncAmsInfoDialog.cpp","936","m_advanced_options_icon","18","no","md3-rendered","MaterialIcon::available() ? MaterialIcon::bitmap(m_scrolledWindow, MaterialIcon::ExpandMore, 18, StateColor::semantic(MD",""
"SysInfoDialog.cpp","101","m_logo","","no","data","m_logo_bmp.bmp()",""
"Tab.cpp","615","m_wiki_bmp","","no","md3-rendered","wiki_icon->bmp()","Rendered as MaterialIcon::MenuBook, OnSurfaceVariant at rest and Primary on hover."
"Tab.cpp","8630","warning_icon","","no","md3-rendered","MaterialIcon::bitmap(this, MaterialIcon::Warning, 16, StateColor::semantic(MD3::Role::Error))",""
"TextureImportDialog.cpp","3745","m_icon_bmp","","no","md3-rendered","texture_import_error_icon_bitmap(this)","texture_import_error_icon_bitmap() is a shared one-line wrapper around MaterialIcon::bitmap(ctx, MaterialIcon::Error, 16, StateColor::semantic(MD3::Role::Error)); the heuristic cannot see through the helper's own definition."
"TextureImportDialog.cpp","5291","m_unmatched_warning_icon","","no","md3-rendered","texture_import_error_icon_bitmap(this)","texture_import_error_icon_bitmap() is a shared one-line wrapper around MaterialIcon::bitmap(ctx, MaterialIcon::Error, 16, StateColor::semantic(MD3::Role::Error)); the heuristic cannot see through the helper's own definition."
"TextureImportDialog.cpp","5319","m_overlimit_warning_icon","","no","md3-rendered","texture_import_error_icon_bitmap(this)","texture_import_error_icon_bitmap() is a shared one-line wrapper around MaterialIcon::bitmap(ctx, MaterialIcon::Error, 16, StateColor::semantic(MD3::Role::Error)); the heuristic cannot see through the helper's own definition."
"UnsavedChangesDialog.cpp","2160","m_bmp","","no","data","create_scaled_bitmap(""diff_empty_state"", this, 160)","160 px empty-state illustration shown when the compared presets have no differences; a picture, not a symbol a glyph could replace."
"UpgradePanel.cpp","122","m_printer_img","200","no","data","wxNullBitmap",""
"UpgradePanel.cpp","158","m_ota_new_version_img","10","no","md3-rendered","wxNullBitmap","Status dot rendered as MaterialIcon::FiberManualRecord in Primary."
"UpgradePanel.cpp","204","m_ams_img","200","no","data","wxNullBitmap",""
"UpgradePanel.cpp","240","m_extra_ams_img","200","no","data","wxNullBitmap",""
"UpgradePanel.cpp","263","m_ext_img","200","no","data","wxNullBitmap",""
"UpgradePanel.cpp","389","m_nozzle_rack_img","200","no","data","wxNullBitmap",""
"UpgradePanel.cpp","429","m_upgrade_status_img","10","no","md3-rendered","wxNullBitmap","Status dot rendered as MaterialIcon::FiberManualRecord in Outline / Tertiary / Primary by state."
"UpgradePanel.cpp","569","m_air_pump_img","200","no","data","wxNullBitmap",""
"UpgradePanel.cpp","595","m_cutting_img","200","no","data","wxNullBitmap",""
"UpgradePanel.cpp","623","m_exhaustfan_img","200","no","data","wxNullBitmap",""
"UpgradePanel.cpp","650","m_lazer_img","200","no","data","wxNullBitmap",""
"UpgradePanel.cpp","678","m_extinguish_img","200","no","data","wxNullBitmap",""
"UpgradePanel.cpp","705","m_rotary_img","200","no","data","wxNullBitmap",""
"UpgradePanel.cpp","737","m_amshub_img","200","no","data","wxNullBitmap",""
"UpgradePanel.cpp","1659","m_filatrack_img","200","no","data","wxNullBitmap",""
"UpgradePanel.cpp","2029","m_ams_new_version_img","10","no","md3-rendered","wxNullBitmap","Status dot rendered as MaterialIcon::FiberManualRecord in Primary."
"UpgradePanel.cpp","2127","m_ext_new_version_img","10","no","md3-rendered","wxNullBitmap","Status dot rendered as MaterialIcon::FiberManualRecord in Primary."
"UserPresetsDialog.cpp","47","bitmap","","no","data","create_scaled_bitmap(wxGetApp().dark_mode() ? ""preset_empty_dark"" : ""preset_empty"", this, 150)","Empty-state illustration (preset_empty, themed light/dark artwork); content picture, not an icon."
"Widgets/AMSControl.cpp","1015","icon","","no","md3-rendered","MaterialIcon::bitmap(tipPanel, MaterialIcon::Info, 16, StateColor::semantic(MD3::Role::OnErrorContainer))",""
"Widgets/AnimaController.cpp","22","m_bitmap","","yes","data","m_images[0]","Animation frames of the AnimaIcon spinner; the owning widget forwards the click. Content, not a control."
"Widgets/FanControl.cpp","671","m_static_bitmap_fan","","no","md3-rendered","m_bitmap_fan->bmp()","Rendered as MaterialIcon::ModeFan in OnSurfaceVariant, re-rendered on DPI change."
"Widgets/MultiNozzleSync.cpp","34","nozzle_icon","","no","data","icon","Hotend product thumbnail (60 px) identifying the physical part; content picture, not an icon."
"Widgets/MultiNozzleSync.cpp","236","badget","","no","data","icon","Extruder badge artwork (90 px) naming the selected extruder with product art; content picture, not an icon."
"Widgets/SwitchButton.cpp","990","iconCtrl","","no","data","m_icon","Kit SwitchButton hosts a caller-supplied picture beside its label; the kit control is MD3, the picture is caller content."
"wxExtensions.cpp","1374","m_image","","no","data","bmp",""
